{"cameraMode":{"drawMode":0,"name":"Shaded","section":"Shading Mode"},"sceneLighting":false,"audioPlay":false,"sceneViewState":{"m_AlwaysRefresh":false,"showFog":true,"showSkybox":false,"showFlares":true,"showImageEffects":true,"showParticleSystems":true,"showVisualEffectGraphs":true,"m_FxEnabled":true},"in2DMode":false,"pivot":{"x":-1.4138200283050538,"y":1.6172749996185303,"z":1.3592305183410645},"rotation":{"x":0.005227036774158478,"y":0.9845556020736694,"z":-0.17245124280452729,"w":0.029836898669600488},"size":1.9208579063415528,"orthographic":false}