{"cameraMode":{"drawMode":0,"name":"Shaded","section":"Shading Mode"},"sceneLighting":false,"audioPlay":false,"sceneViewState":{"m_AlwaysRefresh":false,"showFog":true,"showSkybox":false,"showFlares":true,"showImageEffects":true,"showParticleSystems":true,"showVisualEffectGraphs":true,"m_FxEnabled":true},"in2DMode":false,"pivot":{"x":14.901327133178711,"y":1.1391602754592896,"z":-0.6781244277954102},"rotation":{"x":0.10730110108852387,"y":0.27510595321655276,"z":-0.03091292642056942,"w":0.9549124240875244},"size":5.3320512771606449,"orthographic":false}