{"cameraMode":{"drawMode":0,"name":"Shaded","section":"Shading Mode"},"sceneLighting":false,"audioPlay":false,"sceneViewState":{"m_AlwaysRefresh":false,"showFog":true,"showSkybox":false,"showFlares":true,"showImageEffects":true,"showParticleSystems":true,"showVisualEffectGraphs":true,"m_FxEnabled":true},"in2DMode":false,"pivot":{"x":-0.9710479378700256,"y":1.3054369688034058,"z":1.3332873582839966},"rotation":{"x":0.04414336755871773,"y":0.49952656030654909,"z":-0.025497514754533769,"w":0.8648090362548828},"size":1.4898102283477784,"orthographic":false}