{"cameraMode":{"drawMode":0,"name":"Shaded","section":"Shading Mode"},"sceneLighting":false,"audioPlay":false,"sceneViewState":{"m_AlwaysRefresh":false,"showFog":true,"showSkybox":false,"showFlares":true,"showImageEffects":true,"showParticleSystems":true,"showVisualEffectGraphs":true,"m_FxEnabled":true},"in2DMode":false,"pivot":{"x":26.93134307861328,"y":1.349582314491272,"z":-11.272514343261719},"rotation":{"x":0.13005384802818299,"y":0.6944387555122376,"z":-0.12982191145420075,"w":0.6956950426101685},"size":0.0039980411529541019,"orthographic":false}